average_duration,average_accuracy,average_valid_accuracy,average_loss,average_valid_loss
21.976643919999997,1.0,0.6402777777777778,0.12867559912529858,0.9526492643356322
