average_duration,average_accuracy,average_valid_accuracy,average_loss,average_valid_loss,test_accuracy
398.6921000000001,0.9985119047619048,0.6805555555555556,0.07483786273570288,0.965208841694726,0.6166666666666667
