average_duration,average_accuracy,average_valid_accuracy,average_loss,average_valid_loss,test_accuracy
399.07971610000004,0.9970238095238096,0.6111111111111112,0.10681804553383872,1.007812261581421,0.625
