average_duration,average_accuracy,average_valid_accuracy,average_loss,average_valid_loss,test_accuracy
397.4962935000001,0.9925595238095238,0.6006944444444444,0.1245075442961284,1.0687119563420613,0.6333333333333333
