average_duration,average_accuracy,average_valid_accuracy,average_loss,average_valid_loss,test_accuracy
167.0914875,1.0,0.6180555555555556,0.12416888299313457,1.010934066772461,0.6583333333333333
