average_duration,average_accuracy,average_valid_accuracy,average_loss,average_valid_loss,test_accuracy
398.03341249999994,1.0,0.6006944444444444,0.07629383426337015,1.0430075658692255,0.6833333333333333
