average_duration,average_accuracy,average_valid_accuracy,average_loss,average_valid_loss,test_accuracy
394.71027710000004,0.9925595238095238,0.5555555555555556,0.13013838160605656,1.1209688915146725,0.65
