average_duration,average_accuracy,average_valid_accuracy,average_loss,average_valid_loss,test_accuracy
401.1026332,0.9940476190476192,0.5625,0.1902647994103886,1.2008938789367676,0.6333333333333333
